{
  "todos": [
    {
      "title": "1",
      "completed": false,
      "createdAt": "2025-12-30T11:32:30.787Z",
      "id": 1
    },
    {
      "title": "2",
      "completed": false,
      "createdAt": "2025-12-30T11:32:33.816Z",
      "id": 2
    },
    {
      "title": "3",
      "completed": false,
      "createdAt": "2025-12-30T11:32:36.659Z",
      "id": 3
    },
    {
      "title": "4",
      "completed": false,
      "createdAt": "2025-12-30T11:32:39.992Z",
      "id": 4
    },
    {
      "title": "5",
      "completed": false,
      "createdAt": "2025-12-30T11:32:42.699Z",
      "id": 5
    },
    {
      "title": "6",
      "completed": false,
      "createdAt": "2025-12-30T11:32:45.799Z",
      "id": 6
    },
    {
      "title": "7",
      "completed": false,
      "createdAt": "2025-12-30T11:32:48.603Z",
      "id": 7
    },
    {
      "title": "8",
      "completed": false,
      "createdAt": "2025-12-30T11:32:51.503Z",
      "id": 8
    },
    {
      "title": "9",
      "completed": false,
      "createdAt": "2025-12-30T11:32:54.675Z",
      "id": 9
    },
    {
      "title": "10",
      "completed": false,
      "createdAt": "2025-12-30T11:32:59.747Z",
      "id": 10
    }
  ]
}