{
  "todos": [
    {
      "id": "1",
      "title": "First project1",
      "completed": false
    },
    {
      "id": "dc5b",
      "title": "1",
      "completed": false
    },
    {
      "id": "b6b3",
      "title": "2",
      "completed": false
    },
    {
      "id": "ec22",
      "title": "3",
      "completed": false
    },
    {
      "id": "e61c",
      "title": "4",
      "completed": false
    },
    {
      "id": "d138",
      "title": "5",
      "completed": false
    },
    {
      "id": "7b54",
      "title": "6",
      "completed": false
    },
    {
      "id": "facd",
      "title": "7",
      "completed": false
    },
    {
      "id": "273e",
      "title": "8",
      "completed": false
    },
    {
      "id": "60bd",
      "title": "9",
      "completed": false
    },
    {
      "id": "8b63",
      "title": "10",
      "completed": false
    },
    {
      "id": "8135",
      "title": "11",
      "completed": false
    }
  ]
}